INSERT INTO cities (id, name) VALUES (1, 'New York');
INSERT INTO cities (id, name) VALUES (2, 'Los Angeles');
INSERT INTO cities (id, name) VALUES (3, 'Chicago');
INSERT INTO cities (id, name) VALUES (4, 'Houston');
INSERT INTO cities (id, name) VALUES (5, 'Phoenix');
INSERT INTO cities (id, name) VALUES (6, 'Philadelphia');
INSERT INTO cities (id, name) VALUES (7, 'San Antonio');
INSERT INTO cities (id, name) VALUES (8, 'San Diego');
INSERT INTO cities (id, name) VALUES (9, 'Dallas');
INSERT INTO cities (id, name) VALUES (10, 'San Jose');

INSERT INTO employee_positions (name) VALUES ('Store Manager');
INSERT INTO employee_positions (name) VALUES ('Sales Associate');
INSERT INTO employee_positions (name) VALUES ('Warehouse Worker');
INSERT INTO employee_positions (name) VALUES ('Customer Service');
INSERT INTO employee_positions (name) VALUES ('Sales Agent');
INSERT INTO employee_positions (name) VALUES ('Cashier');
INSERT INTO employee_positions (name) VALUES ('Logistics Coordinator');
INSERT INTO employee_positions (name) VALUES ('Inventory Manager');

INSERT INTO gammas (gamma_code, name, description) VALUES ('A001', 'Plants', 'Various types of plants for indoor and outdoor');
INSERT INTO gammas (gamma_code, name, description) VALUES ('B002', 'Garden Tools', 'Tools for gardening and landscaping');
INSERT INTO gammas (gamma_code, name, description) VALUES ('C003', 'Planters', 'Containers and planters for plants');
INSERT INTO gammas (gamma_code, name, description) VALUES ('D004', 'Soil and Fertilizers', 'Soil, compost, and fertilizers');
INSERT INTO gammas (gamma_code, name, description) VALUES ('E005', 'Garden Furniture', 'Furniture for outdoor spaces');
INSERT INTO gammas (gamma_code, name, description) VALUES ('F006', 'Outdoor Lighting', 'Lights for garden and outdoor use');
INSERT INTO gammas (gamma_code, name, description) VALUES ('G007', 'Decorative Items', 'Garden decorations and ornaments');
INSERT INTO gammas (gamma_code, name, description) VALUES ('H008', 'Water Features', 'Fountains and other water features');

INSERT INTO statusses (name) VALUES ('Pending');
INSERT INTO statusses (name) VALUES ('Shipped');
INSERT INTO statusses (name) VALUES ('Delivered');
INSERT INTO statusses (name) VALUES ('Cancelled');
INSERT INTO statusses (name) VALUES ('Returned');
INSERT INTO statusses (name) VALUES ('Processing');
INSERT INTO statusses (name) VALUES ('On Hold');
INSERT INTO statusses (name) VALUES ('Completed');

INSERT INTO payment_types (name) VALUES ('Credit Card');
INSERT INTO payment_types (name) VALUES ('PayPal');
INSERT INTO payment_types (name) VALUES ('Bank Transfer');
INSERT INTO payment_types (name) VALUES ('Cash');
INSERT INTO payment_types (name) VALUES ('Cheque');
INSERT INTO payment_types (name) VALUES ('Cryptocurrency');
INSERT INTO payment_types (name) VALUES ('Gift Card');
INSERT INTO payment_types (name) VALUES ('Direct Debit');

INSERT INTO offices (id_city, addres, telephone) VALUES (1, '123 Garden St, New York, NY', '123-456-7890');
INSERT INTO offices (id_city, addres, telephone) VALUES (2, '456 Floral Ave, Los Angeles, CA', '234-567-8901');
INSERT INTO offices (id_city, addres, telephone) VALUES (3, '789 Greenway Dr, Chicago, IL', '345-678-9012');
INSERT INTO offices (id_city, addres, telephone) VALUES (4, '101 Plant Ln, Houston, TX', '456-789-0123');
INSERT INTO offices (id_city, addres, telephone) VALUES (5, '202 Bloom Blvd, Phoenix, AZ', '567-890-1234');
INSERT INTO offices (id_city, addres, telephone) VALUES (6, '303 Leafy Lane, Philadelphia, PA', '678-901-2345');
INSERT INTO offices (id_city, addres, telephone) VALUES (7, '404 Blossom St, San Antonio, TX', '789-012-3456');
INSERT INTO offices (id_city, addres, telephone) VALUES (8, '505 Sunny Rd, San Diego, CA', '890-123-4567');
INSERT INTO offices (id_city, addres, telephone) VALUES (9, '606 Root St, Dallas, TX', '901-234-5678');
INSERT INTO offices (id_city, addres, telephone) VALUES (10, '707 Vine St, San Jose, CA', '012-345-6789');

INSERT INTO products (product_code, name, description, width, height, depth, price, stock, gamma_code) VALUES ('P001', 'Rose Bush', 'Red rose bush with blooming flowers', 50.0, 70.0, 50.0, 25.00, 100, 'A001');
INSERT INTO products (product_code, name, description, width, height, depth, price, stock, gamma_code) VALUES ('P002', 'Garden Shovel', 'Durable garden shovel for digging and planting', 15.0, 120.0, 15.0, 30.00, 150, 'B002');
INSERT INTO products (product_code, name, description, width, height, depth, price, stock, gamma_code) VALUES ('P003', 'Clay Planter', 'Ceramic planter for small plants', 20.0, 20.0, 20.0, 15.00, 200, 'C003');
INSERT INTO products (product_code, name, description, width, height, depth, price, stock, gamma_code) VALUES ('P004', 'Compost', 'Organic compost for fertilizing plants', 40.0, 30.0, 20.0, 10.00, 80, 'D004');
INSERT INTO products (product_code, name, description, width, height, depth, price, stock, gamma_code) VALUES ('P005', 'Garden Bench', 'Wooden bench for garden seating', 120.0, 45.0, 60.0, 150.00, 30, 'E005');
INSERT INTO products (product_code, name, description, width, height, depth, price, stock, gamma_code) VALUES ('P006', 'Solar Garden Light', 'Solar-powered garden light', 10.0, 30.0, 10.0, 20.00, 60, 'F006');
INSERT INTO products (product_code, name, description, width, height, depth, price, stock, gamma_code) VALUES ('P007', 'Bird Bath', 'Decorative bird bath for gardens', 50.0, 60.0, 50.0, 45.00, 40, 'G007');
INSERT INTO products (product_code, name, description, width, height, depth, price, stock, gamma_code) VALUES ('P008', 'Garden Fountain', 'Tiered garden fountain with LED lights', 100.0, 150.0, 100.0, 300.00, 15, 'H008');
INSERT INTO products (product_code, name, description, width, height, depth, price, stock, gamma_code) VALUES ('P009', 'Garden Hose', '50 feet garden hose with spray nozzle', 5.0, 50.0, 5.0, 35.00, 100, 'B002');
INSERT INTO products (product_code, name, description, width, height, depth, price, stock, gamma_code) VALUES ('P010', 'Outdoor Table', 'Metal outdoor table with umbrella hole', 80.0, 75.0, 80.0, 200.00, 25, 'E005');

INSERT INTO employees (id, name, last_name, email, office_id, position_id, boss_id) VALUES (1, 'John', 'Doe', 'john.doe@example.com', 1, 1, NULL);
INSERT INTO employees (id, name, last_name, email, office_id, position_id, boss_id) VALUES (2, 'Jane', 'Smith', 'jane.smith@example.com', 2, 2, 1);
INSERT INTO employees (id, name, last_name, email, office_id, position_id, boss_id) VALUES (3, 'Emily', 'Jones', 'emily.jones@example.com', 3, 3, 1);
INSERT INTO employees (id, name, last_name, email, office_id, position_id, boss_id) VALUES (4, 'Michael', 'Brown', 'michael.brown@example.com', 4, 2, 2);
INSERT INTO employees (id, name, last_name, email, office_id, position_id, boss_id) VALUES (5, 'Sarah', 'Davis', 'sarah.davis@example.com', 5, 4, 3);
INSERT INTO employees (id, name, last_name, email, office_id, position_id, boss_id) VALUES (6, 'David', 'Miller', 'david.miller@example.com', 6, 5, 4);
INSERT INTO employees (id, name, last_name, email, office_id, position_id, boss_id) VALUES (7, 'Laura', 'Wilson', 'laura.wilson@example.com', 7, 6, 5);
INSERT INTO employees (id, name, last_name, email, office_id, position_id, boss_id) VALUES (8, 'Chris', 'Moore', 'chris.moore@example.com', 8, 7, 6);
INSERT INTO employees (id, name, last_name, email, office_id, position_id, boss_id) VALUES (9, 'Amanda', 'Taylor', 'amanda.taylor@example.com', 9, 8, 7);
INSERT INTO employees (id, name, last_name, email, office_id, position_id, boss_id) VALUES (10, 'James', 'Anderson', 'james.anderson@example.com', 10, 3, 8);

INSERT INTO clients (id, name, last_name, credit_limit, id_sales_rep) VALUES (1, 'Green Thumb Landscaping', 'Johnson', 50000.00, 6);
INSERT INTO clients (id, name, last_name, credit_limit, id_sales_rep) VALUES (2, 'Flower Power Ltd', 'Williams', 30000.00, 6);
INSERT INTO clients (id, name, last_name, credit_limit, id_sales_rep) VALUES (3, 'Urban Garden Co', 'Taylor', 40000.00, 6);
INSERT INTO clients (id, name, last_name, credit_limit, id_sales_rep) VALUES (4, 'Eco Plants', 'Anderson', 25000.00, 6);
INSERT INTO clients (id, name, last_name, credit_limit, id_sales_rep) VALUES (5, 'Garden Wonders', 'Thomas', 35000.00, 6);
INSERT INTO clients (id, name, last_name, credit_limit, id_sales_rep) VALUES (6, 'Botanical Bliss', 'Clark', 27000.00, 6);
INSERT INTO clients (id, name, last_name, credit_limit, id_sales_rep) VALUES (7, 'Nature’s Best', 'Rodriguez', 31000.00, 6);
INSERT INTO clients (id, name, last_name, credit_limit, id_sales_rep) VALUES (8, 'Orchid Oasis', 'Lewis', 34000.00, 6);
INSERT INTO clients (id, name, last_name, credit_limit, id_sales_rep) VALUES (9, 'Potted Paradise', 'Walker', 28000.00, 6);
INSERT INTO clients (id, name, last_name, credit_limit, id_sales_rep) VALUES (10, 'Blooming Beauties', 'Hall', 29000.00, 6);

INSERT INTO addresses (client_id, city_id, description) VALUES (1, 1, 'Headquarters, New York');
INSERT INTO addresses (client_id, city_id, description) VALUES (2, 2, 'Main Office, Los Angeles');
INSERT INTO addresses (client_id, city_id, description) VALUES (3, 3, 'Branch Office, Chicago');
INSERT INTO addresses (client_id, city_id, description) VALUES (4, 4, 'Warehouse, Houston');
INSERT INTO addresses (client_id, city_id, description) VALUES (5, 5, 'Regional Office, Phoenix');
INSERT INTO addresses (client_id, city_id, description) VALUES (6, 6, 'Office Building, Philadelphia');
INSERT INTO addresses (client_id, city_id, description) VALUES (7, 7, 'Sales Center, San Antonio');
INSERT INTO addresses (client_id, city_id, description) VALUES (8, 8, 'Customer Service, San Diego');
INSERT INTO addresses (client_id, city_id, description) VALUES (9, 9, 'Distribution Center, Dallas');
INSERT INTO addresses (client_id, city_id, description) VALUES (10, 10, 'R&D Facility, San Jose');

INSERT INTO payments (id_client, id_payment_type, pay_date, total) VALUES (1, 1, '2024-08-01', 1375.00);
INSERT INTO payments (id_client, id_payment_type, pay_date, total) VALUES (2, 2, '2024-08-02', 90.00);
INSERT INTO payments (id_client, id_payment_type, pay_date, total) VALUES (3, 3, '2024-08-03', 120.00);
INSERT INTO payments (id_client, id_payment_type, pay_date, total) VALUES (5, 5, '2024-08-05', 450.00);
INSERT INTO payments (id_client, id_payment_type, pay_date, total) VALUES (6, 6, '2024-08-06', 640.00);
INSERT INTO payments (id_client, id_payment_type, pay_date, total) VALUES (7, 7, '2024-08-07', 55.00);
INSERT INTO payments (id_client, id_payment_type, pay_date, total) VALUES (8, 8, '2024-08-08', 90.00);

INSERT INTO orders (order_code, id_client, id_status, order_date, waited_date, deliver_date, commentary) VALUES ('ORD001', 1, 1, '2024-08-01 14:30:00', '2024-08-02', '2024-08-05', 'Urgent delivery requested');
INSERT INTO orders (order_code, id_client, id_status, order_date, waited_date, deliver_date, commentary) VALUES ('ORD002', 2, 2, '2024-08-02 09:00:00', '2024-08-03', '2024-08-07', NULL);
INSERT INTO orders (order_code, id_client, id_status, order_date, waited_date, deliver_date, commentary) VALUES ('ORD003', 3, 3, '2024-08-03 11:00:00', '2024-08-04', '2024-08-08', 'Include gift wrap');
INSERT INTO orders (order_code, id_client, id_status, order_date, waited_date, deliver_date, commentary) VALUES ('ORD004', 4, 4, '2024-08-04 16:00:00', '2024-08-05', NULL, 'Delayed shipment expected');
INSERT INTO orders (order_code, id_client, id_status, order_date, waited_date, deliver_date, commentary) VALUES ('ORD005', 5, 5, '2024-08-05 13:30:00', '2024-08-06', '2024-08-09', 'Check for quality issues');
INSERT INTO orders (order_code, id_client, id_status, order_date, waited_date, deliver_date, commentary) VALUES ('ORD006', 6, 6, '2024-08-06 10:00:00', '2024-08-07', '2024-08-10', 'Priority handling requested');
INSERT INTO orders (order_code, id_client, id_status, order_date, waited_date, deliver_date, commentary) VALUES ('ORD007', 7, 7, '2024-08-07 15:00:00', '2024-08-08', '2024-08-11', NULL);
INSERT INTO orders (order_code, id_client, id_status, order_date, waited_date, deliver_date, commentary) VALUES ('ORD008', 8, 8, '2024-08-08 09:30:00', '2024-08-09', '2024-08-12', 'Include gift wrap');
INSERT INTO orders (order_code, id_client, id_status, order_date, waited_date, deliver_date, commentary) VALUES ('ORD009', 9, 1, '2024-08-09 11:00:00', '2024-08-10', '2024-08-13', 'Handle with care');
INSERT INTO orders (order_code, id_client, id_status, order_date, waited_date, deliver_date, commentary) VALUES ('ORD010', 10, 2, '2024-08-10 14:00:00', '2024-08-11', '2024-08-14', 'Expedited delivery requested');

INSERT INTO orders_details (order_code, product_code, price, quantity) VALUES ('ORD001', 'P001', 25.00, 5);
INSERT INTO orders_details (order_code, product_code, price, quantity) VALUES ('ORD001', 'P004', 10.00, 10);
INSERT INTO orders_details (order_code, product_code, price, quantity) VALUES ('ORD002', 'P002', 30.00, 3);
INSERT INTO orders_details (order_code, product_code, price, quantity) VALUES ('ORD003', 'P003', 15.00, 7);
INSERT INTO orders_details (order_code, product_code, price, quantity) VALUES ('ORD003', 'P005', 150.00, 2);
INSERT INTO orders_details (order_code, product_code, price, quantity) VALUES ('ORD004', 'P006', 20.00, 4);
INSERT INTO orders_details (order_code, product_code, price, quantity) VALUES ('ORD004', 'P007', 45.00, 1);
INSERT INTO orders_details (order_code, product_code, price, quantity) VALUES ('ORD005', 'P008', 300.00, 1);
INSERT INTO orders_details (order_code, product_code, price, quantity) VALUES ('ORD006', 'P009', 35.00, 2);
INSERT INTO orders_details (order_code, product_code, price, quantity) VALUES ('ORD007', 'P010', 200.00, 1);
